"address","age","liquidityUsd","makerCount","marketCapUsd","priceChange1h","priceChange24h","priceChange5m","priceChange6h","priceUsd","tokenName","tokenSymbol","transactionCount","volumeUsd"
"7xhdn6crmnsptprpmyc7czvfbpm2czsoxrkbtnbaiy6e","24","333000","14296","7500000","0.1953","2.15","0.02","0.0060999999999999995","0.007584","Boopa","#1
CPMM
Boopa
/
SOL
Boopa","64775","15600000"
"x4nd6lexnrj3ufecty8rsuo3qbktirsz4tqpus5sjrh","24","2100000","8479","300300000","0.1505","0.1523","0.0394","-0.11939999999999999","0.3003","BOOP","#2
CLMM
BOOP
/
USDC
BOOP","31162","17800000"
"37iwfsqgntsafshobtbzqghwsttkwazw3yvzgjwkn6ik","48","813000","11428","16600000.000000002","0.0966","-0.4988","0.0134","-0.2869","0.01665","New XAI gork","#3
gork
/
SOL
New XAI gork","77333","26900000"
"b1esdsx2c84paxmucxpmkrwm8xoxqla8s5vmmks8vrqz","8","133000","17723","1000000","-0.5623","15.13","0.0765","-0.5876","0.0009897","Before GTA6","#4
BeforeGTA6
/
SOL
Before GTA6","109563","17300000"
"35tqqmeirwebk6fr5qipwastuaavo32vjnuljpxvsxuk","48","69000","10106","257000","-0.3446","-0.7775","0.0537","0.08710000000000001","0.0002572","Chill House","#5
CHILLHOUSE
/
SOL
Chill House","64689","17300000"
"clfhviibfmdz6yhdcfglohqj7fq5ddssyhbqrcbcwjez","24","216000","9652","2800000","-0.1119","9.6","0.0263","0.531","0.002882","ongodnocapbussinfr","#6
GENZ
/
SOL
ongodnocapbussinfr
100","58975","10200000"
"d8jjqr9bcbrfvhhnj61phok1ynfghzwcfykxlilxgxyj","24","45000","94115","71000","-0.3639","-0.9018","0.0098","-0.7084","0.047197","VillaCoin","#7
VILLA
/
SOL
VillaCoin","132340","16500000"
"gj5t6kjtw3gww7srmhei1ojckayhyvlwb17gktf96hnh","720","2100000","4717","77300000","0.0060999999999999995","-0.126","0.0014000000000000002","-0.1319","0.07744","Housecoin","#8
House
/
SOL
Housecoin","24530","11500000"
"fil3wqg11euuatqmpwygkhkxppbry8u9vamt49cibecf","18","67000","8455","305000","0.32","3.91","0.013000000000000001","0.9493","0.0003053","Instead of buying bitcoin","#9
Me in 2009
/
SOL
Instead of buying bitcoin","48900","5300000"
"4gm9hr9aac3doyikime7kz3fhbr279g6pwpdifydlgpr","24","109000","6899","910000","-0.0779","-0.4679","0.011399999999999999","-0.4227","0.0009103","BETTY ON BOOP","#10
CPMM
BETTY
/
SOL
BETTY ON BOOP","28405","8500000"
"wsamabcwfpcvfbbghvujalwuqgp24xhqjaggms9vbww","24","69000","7763","281000","-0.237","22.92","0.015600000000000001","-0.7349","0.0002813","Gorks Favourite Phrase","#11
URMOM
/
SOL
Gorks Favourite Phrase","50659","11600000"
"2z5dlidjmgvtcmeg6exqddub781cvtyxbqytbkma4ths","48","109000","5355","465000","0.1469","-0.9197","0.0404","-0.4717","0.0004655","fuckcoin","#12
FUCKCOIN
/
SOL
fuckcoin","32509","6000000"
"5wnu5qhdprgrl37ffcd6tmmqzugqgxwafgz477rshthy","120","550000","5398","13300000","0.0172","0.10640000000000001","-0.0070999999999999995","0.0694","0.01337","NotInEmploymentEducationTraining","#13
neet
/
SOL
NotInEmploymentEducationTraining","28844","6900000"
"by9nlmxbmufwlplwnay3hcfcqp8pjmevzjejvy1fftah","3","100000","14184","495000","-0.2983","6.97","-0.07919999999999999","6.97","0.0004953","Justice for Artemis","#14
Artemis
/
SOL
Justice for Artemis","95665","19100000"
"fjiikyu55z5ucgpgfghcbtxdxck1nuhqgqpl3pha3fgb","48","178000","5165","1600000","0.1769","0.2711","0.0166","0.1649","0.001612","We don't need a job","#15
LockedIn
/
SOL
We don't need a job
50","25118","3200000"
"fv8pvyrlciju2qwqgdbbgq539bf4qhnijltzis94tqxz","24","190000","5881","2300000","-0.1686","49.4","0.0144","20.9","0.002374","Decentralized Retirement Account","#16
DRA
/
SOL
Decentralized Retirement Account
100","35418","6900000"
"4w2cysotx6czaugmmwg13hdpy4qemg2czekyeqyk9ama","288","1000000","3523","25400000","-0.0385","-0.061900000000000004","-0.0026","-0.1288","0.02546","TROLL","#17
TROLL
/
SOL
TROLL","19947","5100000"
"any6m193bzqppkpggks8nn4nf9cq7yjhroypdxws9g5k","192","130000","4678","500000","0.2952","-0.2829","0.0942","0.207","0.0005003","100 Men vs 1 Gorilla","#18
MvG
/
SOL
100 Men vs 1 Gorilla","25629","4400000"
"2fd7xjwxayqe4pbfcicjobqoiwkhqhm2xyazzwt9esyj","12","101000","5161","763000","-0.0166","11.43","-0.01","-0.023700000000000002","0.0007639","Stadium Coin","#19
Stadium
/
SOL
Stadium Coin
500","25465","4000000"
"8qdz7ngk8mf53mtzo2a5gjdqueu4wyhbn5aqhcfvst5r","3","103000","12401","483000","-0.1838","6.81","0.19219999999999998","6.81","0.0004834","justice for cat","#20
10waz2
/
SOL
justice for cat
10","96276","22500000"
"6gqkmvs8vhaqlavqww2rmrpgreslfxcqvb2eshgcubgh","2","104000","95941","555000","1.26","7.95","-0.1241","7.95","0.0005551","Goldcoin","#21
GOLD
/
SOL
Goldcoin
5000","105718","11400000"
"54skoazdukkws7r2bueyvdxai4sbrxvaonecerypdq2m","24","92000","3996","264000","0.0556","-0.6652","0.0039000000000000003","-0.3513","0.0002642","db cult","#22
CPMM
db
/
SOL
db cult","14521","3700000"
"j333lz5uhejwxb64dcd756viufxr164dvnxqpxumph9v","144","917000","3308","29900000","-0.0124","0.06280000000000001","0.0019","0.067","0.0299","Hosico cat","#23
Hosico
/
SOL
Hosico cat","18367","6100000"
"cspvtkvjydvjqxk7lqavvjjkvzkfvkhhcgma7dkie6ei","24","112000","3804","350000","0.46490000000000004","-0.2875","-0.07200000000000001","-0.6047","0.0003505","poop","#24
CPMM
poop
/
SOL
poop
10","12800","2800000"
"37gewa27k9churtwbxkmfdfjc65givyraqggeintyasx","24","82000","3474","289000","-0.18600000000000003","-0.37729999999999997","0.030699999999999998","-0.4069","0.0002895","boop dog","#25
CPMM
boopdog
/
SOL
boop dog","13431","3200000"
"6wwcmirjfpdndfmtgvq8ey1zxmzlkglryuutry4izmye","192","524000","3317","6500000","-0.045599999999999995","0.4219","-0.0053","-0.0501","0.00652","trencher","#26
TRENCHER
/
SOL
trencher
10","18458","3700000"
"94xkmzmqxtcag6bthqicdu1zwtf1ebkwlugg2wjzesqk","24","63000","3992","204000","-0.0037","-0.7097","-0.0086","0.0669","0.0002045","horni coin","#27
horni
/
SOL
horni coin","17764","2400000"
"3rqt2jpa6ksrj7wuhp1imoyoybbxgyxlrydqfkv7cs6t","24","107000","3784","975000","-0.1278","4.65","-0.0039000000000000003","-0.2403","0.0009758","Toshi","#28
CPMM
Toshi
/
SOL
Toshi
30","15203","3000000"
"as5dsvp9glyg1udyjkjoiqcdav1ytmvx6eqt7cygngo1","21","64000","3612","336000","-0.1313","4.34","-0.0387","-0.17850000000000002","0.000336","Shiloh Hendricks","#29
Shiloh
/
SOL
Shiloh Hendricks","21316","2400000"
"4qqm2x2pfhu3toscaqkqxtfhtm7dmje8lgwu9kvqenh4","720","1500000","2800","19900000","-0.0143","0.16329999999999997","0.0055000000000000005","-0.0602","0.02065","titcoin","#30
titcoin
/
SOL
titcoin","12787","3800000"
"93tjgwff5ac5thymi8c4wejvvqq4tumemuyw1leyz7bu","3600","2500000","1681","51100000","-0.0227","0.20129999999999998","-0.0072","-0.0415","0.0511","Just a chill guy","#31
CHILLGUY
/
SOL
Just a chill guy","15989","6800000"
"ea4xjkrkyy1xmq9a63p4fs5bvgqpzjudrss8x1rnaegx","72","85000","3332","318000","-0.1348","-0.4996","-0.035699999999999996","-0.4211","0.0003187","the real goal","#32
land
/
SOL
the real goal
10","15264","1900000"
"diweoxgud7qwsfcre6rhdba2dljfaesf9x5nba6wocyj","11","45000","4812","207000","0.1155","3","-0.0501","-0.6715000000000001","0.0002073","cultcore","#33
CPMM
cultcore
/
SOL
cultcore","19607","3400000"
"bzc9nzfmqkxr6fz1dbph7bdf9broyef6pnzesp7v5iiw","4320","22800000","524","1160000000","-0.012199999999999999","-0.008","-0.0002","-0.0391","1.16","Fartcoin","#34
Fartcoin
/
SOL
Fartcoin","6586","3500000"
"emfejwgxde3ujkjedren4cz2ckruey1ahcnfb6oezywc","12","52000","3738","272000","-0.33640000000000003","3.73","0.0038","-0.7646","0.0002724","dooq","#35
CPMM
dooq
/
SOL
dooq
10","14549","2700000"
"4blcvqxulia8cfkemkpxx31icoty9kbu7bwyynfcmssv","672","1200000","2629","22600000","0.0383","0.49229999999999996","0.004699999999999999","-0.0377","0.0226","Dark Eclipse","#37
DARK
/
SOL
Dark Eclipse","28204","7600000"
"6e7rdq7y6pbjfbwaentbejl9fxyyznpct97kxj8rpazd","11","43000","5895","138000","-0.08960000000000001","1.24","0.0934","1.97","0.0001389","dogwif2hats","#36
wif2
/
SOL
dogwif2hats
10","34721","3200000"
"2bac5jl75noser2oljz14gbnjwduuq3ui33zplztgcea","720","484000","2244","5300000","0.1907","0.3131","-0.0458","0.4522","0.00535","Italian Brainrot","#38
Italianrot
/
SOL
Italian Brainrot","8292","1900000"
"62xuy3x5qefze36tbvnaod8wdf7mt6cjmjnvknezqpkv","24","5100000","5797","295500000","0.1349","0.1243","0.0215","-0.1355","0.2955","BOOP","#39
WP
BOOP
/
USDC
BOOP","22478","18800000"
"py2zc6gpfcyqaejpepw1mpupvgdfuam6ivzjbqwgfra","96","165000","2582","883000","-0.08289999999999999","-0.3998","0.0034999999999999996","-0.09519999999999999","0.0008835","Dog Stolen From Tesla","#40
Lemon
/
SOL
Dog Stolen From Tesla","11523","2000000"
"hv1i8wrxehl8djbuxhfgjxxtt4qeupywwkfsggb5a7w6","168","311000","2493","2100000","0.06559999999999999","-0.0434","-0.052000000000000005","0.1547","0.03073","Let's BONK","#41
LetsBONK
/
SOL
Let's BONK
20","12508","1600000"
"6waphd7quzw6yytppnxxzlh5yshemwpem7y5ruetcopd","10","24000","6775","45000","0.18739999999999998","-0.26890000000000003","-0.027999999999999997","-0.6154999999999999","0.044526","Frank The Cat","#42
Frank
/
SOL
Frank The Cat
10","37368","3500000"
"eyg7yuoopdeyhxg9mla5mtnhdqwbd6jx4ozssehpx23m","7","33000","9045","73000","-0.2104","0.18530000000000002","0.009899999999999999","-0.5083","0.047377","Kobushi","#43
Kobushi
/
SOL
Kobushi
50","55432","5800000"
"cipx7t2mxf9wlxmg1r7kbkrqqxmm5sow5sdoc1wjhgzz","24","55000","2186","165000","0.038599999999999995","-0.0274","-0.0006","-0.1573","0.0001653","rahil","#44
CPMM
rahil
/
SOL
rahil","7470","1300000"
"djqfax2mxdifatmuq48h9gtlnmq6k98pf9cq63s8hpm1","21","28000","5818","59000","0.18469999999999998","-0.0259","-0.037200000000000004","-0.1948","0.045987","Trenchpedia","#45
trwiki
/
SOL
Trenchpedia
10","40768","3500000"
"585zshmuwrj6qx4sh8owwz8a4k38aqnbnupya1wxltse","528","266000","12631","5100000","0.0109","0.2293","0.0034000000000000002","0.1375","0.005107","TASS HUB","#46
TASSHUB
/
SOL
TASS HUB","25842","734000"
"58fzjmbx5patnfjpqwwsqkvfprkptkbb5r2vcw4qq3z9","2160","3400000","1274","49500000","0.0128","0.1565","0.0089","-0.0862","0.04959","Vine Coin","#47
VINE
/
SOL
Vine Coin","12142","4800000"
"ck6amteon4xcrcnbuu8p5gtcr6lam2tfaapcsqtwldyu","24","30000","10968","82000","-0.1297","0.8395999999999999","0.0051","-0.12890000000000001","0.04826","POPDENG","#48
POPDENG
/
SOL
POPDENG
30","22577","446000"
"3vkgwk6pnqes2tdfwxumpgbo8gpymtvz4r3mxxkagkhn","24","91000","2170","192000","0.0076","-0.5962","-0.039599999999999996","-0.1216","0.0001927","Beep","#49
CPMM
BEEP
/
SOL
Beep","6323","1100000"
"gdpdqqvbqzbsuel97bw9ebtctvkygjh72tzid896xuhg","24","121000","1410","1100000","0.0747","-0.2241","0.0707","-0.0209","0.001124","Tapestry AI","#50
CPMM
TAPS
/
SOL
Tapestry AI
100","4484","1200000"
"7whfybw7eggamu97rszynrwaprjsbwauyx9apxpa9zml","8","21000","5201","33000","-0.675","-0.4611","-0.22390000000000002","-0.8628","0.043387","Carl Johnson","#51
CJ
/
SOL
Carl Johnson
10","28467","2500000"
"d6rgz1jg2syjstxgasaz39clffwl4tfabeaanjhgrrzc","720","1200000","2010","18600000","-0.0336","0.4924","-0.0006","-0.11109999999999999","0.01937","Retard Finder Coin","#52
RFC
/
SOL
Retard Finder Coin","21977","4900000"
"3a6p2mqwnzmf2isgbhiucfhwi4pwzpuvru321a9p6a5u","8","44000","2859","199000","0.015700000000000002","2.41","0.0975","-0.4462","0.000199","Beepa","#53
CPMM
BEEPA
/
SOL
Beepa","10183","1200000"
"cgywemkwj4ol1p5cnqjkae5gghm36ueq1nh7qpgtk8qh","19","29000","6377","59000","0.5065","-0.055099999999999996","0.0017000000000000001","0.19649999999999998","0.045927","Hikikomori","#54
HIKI
/
SOL
Hikikomori","40870","4000000"
"hpvpmh2h4wybk2uwtw7cig9gp4b5wr4hyclvwpmjcys7","22","22000","4895","39000","-0.12960000000000002","-0.36719999999999997","-0.0626","-0.4936","0.043944","Fart House","#55
FARTHOUSE
/
SOL
Fart House","29688","2300000"
"7offdxsklazhfbzz1mmbmzuybvgqmvjmsijgb8hjcwp","552","382000","1740","3200000","0.0281","0.1551","-0.0015","-0.0187","0.003258","Wizard Gang","#56
Wizard
/
SOL
Wizard Gang","11129","2200000"
"2vh4287isy87ozxdt9lps8vnrzzawej47wir71a9tx4p","72","317000","1308","2900000","0.1384","2.82","0.06280000000000001","0.2613","0.002971","Dupe","#57
DYN
DUPE
/
SOL
Dupe","4363","1500000"
"bourcfkdgsr55xavzdeu6tci7twrticgrvclioennbbx","2160","556000","34034","11000000","0.0409","0.1641","0.0028000000000000004","0.0254","0.01107","BOTIFY","#58
BOTIFY
/
SOL
BOTIFY","35693","502000"
"arvp7mmrk823buaiezzyxhwhcw5bbypraa1hhjymfvkl","5","37000","3266","139000","-0.0334","1.26","-0.0883","1.26","0.0001392","BOOPIT","#59
CPMM
BOOPIT
/
SOL
BOOPIT
10","12463","2100000"
"cwtdbhxmpgg8bimdgdiheteywr4hdkawrtipv7w1udk3","216","380000","1517","6400000","-0.019","0.4072","0.0022","-0.12369999999999999","0.006488","JuliaOS","#60
JOS
/
SOL
JuliaOS","5089","1500000"
"c4kjug3vwmz8oydqd4dnklcq7kqzqg63r9xqqpk4mmse","24","25000","3555","35000","-0.2969","-0.8519","0.0072","-0.4901","0.043513","Pump fun vs everyone","#61
PVE
/
SOL
Pump fun vs everyone","12941","1300000"
"frhb8l7y9qq41qzxyltc2nw8an1rjfllxrf2x9rwllmo",,"11000000","1105","394400000","0.0154","0.069","0.0012","0.04650000000000001","0.4025","Popcat","#62
POPCAT
/
SOL
Popcat","11526","2800000"
"falczo9gyfxyuc3obryzkpsxxpiyznva8xut1mof49p8","3","44000","3267","172000","0.3102","1.79","0.0072","1.79","0.0001727","MAO","#63
MAO
/
SOL
MAO
550","7753","1000000"
"9d9mb8kooffad3sctgztkxqypkshx6ezhbkio89ixyy2","2160","391800000","366","2610000000","0.003","0.0202","-0.0038","0.0202","13.09","OFFICIAL TRUMP","#64
DLMM
TRUMP
/
USDC
OFFICIAL TRUMP","12822","82300000"
"2btkxn44kej38f1mmy1p3mjyucojwc2vmhsn2ss8m7jv","48","170000","1160","2200000","-0.1118","-0.4986","-0.1127","-0.4233","0.002291","BonkAI","#65
CPMM
BONKAI
/
SOL
BonkAI","5224","1400000"
"4bbvrwsocm9wy2qxccufcl8gxktnext73unfvek4mmq7","2880","567000","1202","7600000","-0.0196","0.3856","0.0025","-0.08259999999999999","0.008355","San Chan","#66
San
/
SOL
San Chan","4935","1100000"
"99a2qtflaxv9lvhkesjeawjky8pwb4cypc5ccucb4vus",,"1300000","1828","49100000","-0.0171","-0.044199999999999996","-0.0038","0.0206","0.0838","TARS AI","#67
TAI
/
SOL
TARS AI","8760","1700000"
"b4vwozy1fgtp8selxsxydwszavpugnj77durv2k4mhuv","2880","118000","5259","768600000","0.0051","0.139","-0.0046","0.14029999999999998","0.01222","Pudgy Penguins","#68
CLMM
PENGU
/
SOL
Pudgy Penguins","47882","1500000"
"8tqrsgxkre9t7immn15nkjmvsfzpmjtp4kxs6tb7icha","48","42000","1733","82000","-0.249","-0.5791","0.0668","-0.6861","0.048295","The Big Short","#69
Shortcoin
/
SOL
The Big Short","7250","836000"
"8qxrcnyssrg3zgtdejzxkjfjchmd4vptjfhyugvetpwr","96","60000","1265","191000","-0.037599999999999995","-0.18789999999999998","0.0634","-0.1949","0.0001919","shark raptor rocket launcher","#70
SRRL
/
SOL
shark raptor rocket launcher","5596","816000"
"cpsmssqi3p9vmvnqxrdwvbsbcwyuhbggncrw7morbq3g","3600","3700000","795","69300000","-0.0165","0.0321","0.0046","-0.0132","0.06934","test griffain.com","#71
GRIFFAIN
/
SOL
test griffain.com","10400","4600000"
"9fmdkqipjk2teeuv53bmdxi52urlbrevv38k8gbnkim7","720","884000","1437","5300000","-0.0409","0.0053","0.0002","-0.0003","0.005389","PWEASE","#72
pwease
/
SOL
PWEASE","7070","1200000"
"63amwndbz75z2j7jykdbzxvzt36l9qdgw7czaxbd4kne","2160","1000000","1160","6200000","0.0087","0.1032","-0.0022","-0.08289999999999999","0.006278","The Next Bitcoin","#73
BUTTCOIN
/
SOL
The Next Bitcoin","3363","713000"
"3yf4sjyfwbdsjea3li2znnegcvhayktmyxg4vq8ll722","24","43000","1538","136000","0.0626","1.2","-0.09609999999999999","0.0417","0.0001363","Unwoke Opinion","#74
UNWOKE
/
SOL
Unwoke Opinion","6787","777000"
"gjvw8jqspkg5ogjyd3zozfaejsshtajs5zfrext8l12k","3600","3000000","795","73400000","-0.006500000000000001","0.1602","0.0037","-0.0131","0.07342","Ava AI","#75
AVA
/
SOL
Ava AI","8461","2800000"
"hmd7r12favnmkout8ludrtis372d39upb92uqvzia7zv","720","334000","950","3500000","0.0697","0.0525","0.0059","0.008199999999999999","0.003533","AuraFarming","#76
AuraFarm
/
SOL
AuraFarming","3254","637000"
"7rmmys9xbs8uz6bvjskcrhac682hyyxgepajhfvynfxt","48","88000","1228","525000","0.062","0.4325","-0.0182","-0.1466","0.0005257","Forever Alone","#77
Alone
/
SOL
Forever Alone","5170","871000"
"7spcjkqr8ihgjz2jiy8x2rntvdtftaml1pzc7grm132y","480","990000","840","95200000","0.062400000000000004","0.3554","-0.0103","0.0426","0.09826","JProof","#78
DYN
JProof
/
SOL
JProof","3115","1300000"
"8hzdebzbx7sz7eqmod29fdvg3azqgaqpwmcmyota9gzy","96","124000","1891","521000","-0.1197","0.1732","0.0006","0.0134","0.051241","Grassito","#79
CPMM
Grassito
/
SOL
Grassito","8641","1000000"
"bvycsm2qdbhaxvrjlvjyh5pyn44t1uafnva1edck8wah","18","12000","96653","13000","-0.054900000000000004","-0.7931999999999999","-0.028399999999999998","0.41960000000000003","0.0413","Whale House Machine Gun","#80
WHMC
/
SOL
Whale House Machine Gun","112285","1400000"
"3sjnocnkkhwpvxygdtem8rccihsgc9jsfzuuazkbvrvp","4320","3400000","934","51700000","-0.0023","0.0725","0.011399999999999999","0.048499999999999995","0.05178","zerebro","#81
ZEREBRO
/
SOL
zerebro","15984","3900000"
"gchdv1olcku6nhxfqcv3tpwg9l8qupxtzso3u6r6upyv","1440","189000","1629","366000","0.0043","-0.7197","0.0009","-0.031200000000000002","0.0003666","Edward Coristine","#82
BIGBALLS
/
SOL
Edward Coristine","7073","1600000"
"3na1z6w2b7fgstbegwddbmycrpt5ek7xd3tx8e8pnd3j","1","38000","5818","105000","-0.113","0.7523000000000001","0.0265","0.7523000000000001","0.0001059","Donald Grump","#83
DG
/
SOL
Donald Grump","32806","3900000"
"5zv6azn61uj73p1wysp35stpzef9sx1hqzvra1qagahh","48","551000","513054","50200000","0.051100000000000007","-0.1496","0.0022","0.008100000000000001","0.007212","NPCS AI","#84
CPMM
xNPCS
/
SOL
NPCS AI","513659","128000"
"7evjnjdtkxphjgprzqoyfnjdnahuqanm79rz9qctxmqa","12","50000","1233","235000","0.0819","2.67","-0.0487","-0.0368","0.0002351","Eve","#85
Eve
/
SOL
Eve","4794","596000"
"4jxpamaykeyfk2vbgnmnb4cn3gs6xghnzt7gvg7tqhmi","1","96000","5612","653000","-0.0508","2.58","0.0362","2.58","0.0006535","Grouch of the United States","#86
GOTUS
/
SOL
Grouch of the United States
10","44500","6000000"
"5kuvtu1kt8gp92u4zph9sprjze9qpujbw1tmthivzkbf","48","83000","1177","382000","-0.1197","0.5436","-0.0087","-0.0687","0.0003828","Chachamaru","#87
CPMM
CHACHA
/
SOL
Chachamaru","3880","486000"
"gpwanbnkjvykkdj5kjrbt85myafablzfcvxny8u47os","7","27000","10935","58000","-0.0797","-0.7132999999999999",,"-0.9137000000000001","0.045892","Kobushi","#88
Kobushi
/
SOL
Kobushi","53940","5500000"
"fydf3vkqfbcvntsbi7l7lremrfpmxkbqqgagnpg1hxxd","3600","5700000","510","148600000","-0.0066","0.0101","-0.0015","-0.0199","0.1748","Alchemist AI","#89
ALCH
/
SOL
Alchemist AI","5746","1900000"
"geacz94pw7egzsplgnwxrwbna5qptfbruu5epdfjalf2","720","24900000","2072","1150000000","0.0784","0.13449999999999998","-0.0017000000000000001","0.22399999999999998","1.79","TDCCP","#90
CLMM
TDCCP
/
SOL
TDCCP","6827","26500000"
"zcdaw3jpcqey8jyvxnvmqs2cu35cyddy4ot7v8ednhz","7200","1900000","864","26000000","-0.036000000000000004","-0.1344","0.0018","-0.0974","0.04341","DADDY TATE","#91
DADDY
/
SOL
DADDY TATE","2662","837000"
"fce2fd8ww65ofal9yvogjtekcfpcdjfskg31egnzpa79","264","175000","884","2200000","-0.014499999999999999","0.0191","0.0108","0.0516","0.002215","ELI5","#92
CPMM
ELI5
/
SOL
ELI5","4062","561000"
"fekbruxeocskhjdhhxnrbv76eckpsykhphnenw3jpepm","24","330000","5988","16700000","0.10189999999999999","-0.49770000000000003","0.0167","-0.2826","0.01675","New XAI gork","#93
DLMM
gork
/
SOL
New XAI gork","37182","16800000"
"48exm5rhcahddh5v1liije5d2vwkvxb5rgggnbbj5bip","336","257000","840","4300000","0.061200000000000004","0.5728","-0.0288","0.42369999999999997","0.004356","SHART","#94
CPMM
SHART
/
SOL
SHART","2028","290000"
"h7wt3fiapgghzxuumahbjgkomeh1bkvf99eubk98qm8h","24","3700","63520","2300","-0.0458","-0.9962000000000001","0.0139","-0.9899","0.052317","Fast Money Lifestyle","#96
CPMM
FML
/
SOL
Fast Money Lifestyle
50","68361","704000"
"6h48nfcphau9kffv9frrwpqksyd2hcr5apc25shphmti","3","59000","2322","303000","1.77","3.86","0.0004","3.86","0.0003037","what would you put here?","#95
ROOM
/
SOL
what would you put here?","10750","740000"
"fsvg7fsdyr1dpgs1ye2ndotvuumj7pnqkyce1s4mxnpl","24","371000","4175","7600000","0.19140000000000001","2.04","0.0001","0.0481","0.007651","Boopa","#97
DLMM
Boopa
/
SOL
Boopa","10821","4000000"
"dx3ic8lrmtuevkucqqtqpkwxkrnyetcfrcnmukwkzfqa","24","42000","946","130000","0.3478","-0.4824","-0.0013","0.31489999999999996","0.0001309","AxiomBullXPhotonBananaBloom","#98
tek
/
SOL
AxiomBullXPhotonBananaBloom","3346","423000"
"yrrustgpugdp8bbfosqdefssen6sa75zs1qjvgnhtmy","2160","262000","871","6200000","-0.111","-0.0641","0.0111","-0.0547","0.00622","Ben Pasternak (clout.me)","#99
CLMM
PASTERNAK
/
SOL
Ben Pasternak (clout.me)","7404","1800000"
"3bjtn2up6q28uvbse2fvwqu6h2qfsejuqhyu1xmhstqv","1440","547000","816","8100000","0.0277","0.0623","0.004699999999999999","0.0277","0.008191","FAT NIGGA SEASON","#100
FAT
/
SOL
FAT NIGGA SEASON","2192","540000"
